{
  "deleting user" : {
    "transaction" : "deleting user",
    "sampleCount" : 922,
    "errorCount" : 795,
    "errorPct" : 86.22559,
    "meanResTime" : 32943.53362255967,
    "medianResTime" : 31292.5,
    "minResTime" : 5245.0,
    "maxResTime" : 80266.0,
    "pct1ResTime" : 60908.8,
    "pct2ResTime" : 66182.24999999999,
    "pct3ResTime" : 77136.54999999999,
    "throughput" : 2.5937783079113053,
    "receivedKBytesPerSec" : 0.8681385842809157,
    "sentKBytesPerSec" : 0.5310535589198404
  },
  "ReadUsers" : {
    "transaction" : "ReadUsers",
    "sampleCount" : 1216,
    "errorCount" : 471,
    "errorPct" : 38.73355,
    "meanResTime" : 45969.46710526316,
    "medianResTime" : 46423.5,
    "minResTime" : 457.0,
    "maxResTime" : 93052.0,
    "pct1ResTime" : 78577.2,
    "pct2ResTime" : 80371.9,
    "pct3ResTime" : 87044.93999999999,
    "throughput" : 3.184154640983946,
    "receivedKBytesPerSec" : 18.109749104620164,
    "sentKBytesPerSec" : 0.5690432610352169
  },
  "Total" : {
    "transaction" : "Total",
    "sampleCount" : 4205,
    "errorCount" : 1412,
    "errorPct" : 33.57907,
    "meanResTime" : 39141.99405469689,
    "medianResTime" : 35405.0,
    "minResTime" : 83.0,
    "maxResTime" : 93052.0,
    "pct1ResTime" : 71668.8,
    "pct2ResTime" : 77774.9,
    "pct3ResTime" : 82571.62,
    "throughput" : 11.010995283994648,
    "receivedKBytesPerSec" : 20.74463001222862,
    "sentKBytesPerSec" : 2.305074247298313
  },
  "CreateUser" : {
    "transaction" : "CreateUser",
    "sampleCount" : 1045,
    "errorCount" : 99,
    "errorPct" : 9.473684,
    "meanResTime" : 45664.38373205741,
    "medianResTime" : 47249.0,
    "minResTime" : 83.0,
    "maxResTime" : 80388.0,
    "pct1ResTime" : 72880.8,
    "pct2ResTime" : 77709.3,
    "pct3ResTime" : 79809.95999999999,
    "throughput" : 2.9895066884848207,
    "receivedKBytesPerSec" : 0.8889401841192828,
    "sentKBytesPerSec" : 0.6656323486079484
  },
  "UpdateUser" : {
    "transaction" : "UpdateUser",
    "sampleCount" : 1022,
    "errorCount" : 47,
    "errorPct" : 4.598826,
    "meanResTime" : 29941.285714285714,
    "medianResTime" : 26948.5,
    "minResTime" : 170.0,
    "maxResTime" : 80811.0,
    "pct1ResTime" : 52967.10000000001,
    "pct2ResTime" : 61720.399999999936,
    "pct3ResTime" : 77744.1,
    "throughput" : 2.9542353675739426,
    "receivedKBytesPerSec" : 1.1184156386221469,
    "sentKBytesPerSec" : 0.6981689052274356
  }
}