{
  "deleting user" : {
    "transaction" : "deleting user",
    "sampleCount" : 572,
    "errorCount" : 254,
    "errorPct" : 44.405594,
    "meanResTime" : 2373.9125874125853,
    "medianResTime" : 2251.5,
    "minResTime" : 48.0,
    "maxResTime" : 6038.0,
    "pct1ResTime" : 4229.9000000000015,
    "pct2ResTime" : 4697.050000000001,
    "pct3ResTime" : 5447.359999999999,
    "throughput" : 4.1477227406875645,
    "receivedKBytesPerSec" : 1.080841901154401,
    "sentKBytesPerSec" : 0.8539212567164828
  },
  "ReadUsers" : {
    "transaction" : "ReadUsers",
    "sampleCount" : 619,
    "errorCount" : 0,
    "errorPct" : 0.0,
    "meanResTime" : 4052.053311793215,
    "medianResTime" : 4131.0,
    "minResTime" : 126.0,
    "maxResTime" : 9590.0,
    "pct1ResTime" : 7176.0,
    "pct2ResTime" : 7730.0,
    "pct3ResTime" : 8704.39999999999,
    "throughput" : 4.2652297642754275,
    "receivedKBytesPerSec" : 22.830259768168567,
    "sentKBytesPerSec" : 0.7622432098265657
  },
  "Total" : {
    "transaction" : "Total",
    "sampleCount" : 2360,
    "errorCount" : 254,
    "errorPct" : 10.762712,
    "meanResTime" : 2747.608050847457,
    "medianResTime" : 2464.0,
    "minResTime" : 48.0,
    "maxResTime" : 9590.0,
    "pct1ResTime" : 5094.400000000001,
    "pct2ResTime" : 6309.699999999999,
    "pct3ResTime" : 8013.039999999995,
    "throughput" : 16.261619133586446,
    "receivedKBytesPerSec" : 26.558796347337157,
    "sentKBytesPerSec" : 3.4216327014442522
  },
  "CreateUser" : {
    "transaction" : "CreateUser",
    "sampleCount" : 591,
    "errorCount" : 0,
    "errorPct" : 0.0,
    "meanResTime" : 2173.445008460236,
    "medianResTime" : 1998.0,
    "minResTime" : 51.0,
    "maxResTime" : 5960.0,
    "pct1ResTime" : 4005.2000000000007,
    "pct2ResTime" : 4429.599999999999,
    "pct3ResTime" : 5254.040000000002,
    "throughput" : 4.280933547742189,
    "receivedKBytesPerSec" : 1.2493908067676416,
    "sentKBytesPerSec" : 0.9531766102394715
  },
  "UpdateUser" : {
    "transaction" : "UpdateUser",
    "sampleCount" : 578,
    "errorCount" : 0,
    "errorPct" : 0.0,
    "meanResTime" : 2307.525951557095,
    "medianResTime" : 2148.0,
    "minResTime" : 104.0,
    "maxResTime" : 6147.0,
    "pct1ResTime" : 4154.900000000001,
    "pct2ResTime" : 4706.05,
    "pct3ResTime" : 5567.450000000005,
    "throughput" : 4.219008897875168,
    "receivedKBytesPerSec" : 1.6027289660873438,
    "sentKBytesPerSec" : 0.9970704621931548
  }
}